text,label
The phone is not bad at all.,positive
The smartwatch is not bad at all.,positive
One star. The build quality is unreliable and the backpack stopped working.,negative
It is an average vacuum cleaner for the price.,neutral
I used the smartwatch for 7 weeks. The screen is standard.,neutral
"I love this blender, the packaging is reliable!",positive
"I regret buying this backpack, cheap build quality.",negative
I used the vacuum cleaner for 7 weeks. The delivery is acceptable.,neutral
The sound quality is poor.,negative
I don't think the customer service is amazing.,negative
"The build quality is so-so, nothing special.",neutral
"The camera broke after 6 days, faulty delivery.",negative
I used the blender for 2 weeks. The design is so-so.,neutral
"Highly recommend this laptop, wonderful customer service.",positive
"I regret buying this smartwatch, dreadful build quality.",negative
I used the backpack for 2 weeks. The packaging is average.,neutral
The phone is not perfect at all.,negative
"I love this phone, the build quality is outstanding!",positive
The screen is disappointing.,negative
"I love this laptop, the packaging is amazing!",positive
It is an so-so smartwatch for the price.,neutral
I don't think the performance is perfect.,negative
"The blender broke after 4 days, unreliable packaging.",negative
One star. The performance is useless and the vacuum cleaner stopped working.,negative
One star. The customer service is terrible and the headphones stopped working.,negative
"I regret buying this blender, useless build quality.",negative
The customer service is awful.,negative
I don't think the price is outstanding.,negative
I used the phone for 3 weeks. The price is ordinary.,neutral
It is an typical phone for the price.,neutral
Five stars! The screen is reliable and the backpack arrived quickly.,positive
Five stars! The battery life is reliable and the camera arrived quickly.,positive
"I regret buying this camera, horrible design.",negative
"Very disappointed with the blender, total waste of money.",negative
I used the camera for 9 weeks. The battery life is okay.,neutral
One star. The battery life is faulty and the vacuum cleaner stopped working.,negative
The packaging is perfect.,positive
I used the camera for 3 weeks. The packaging is ordinary.,neutral
I don't think the price is wonderful.,negative
The headphones is not excellent at all.,negative
The packaging is horrible.,negative
"The blender does what it says, no more, no less.",neutral
The customer service is not fantastic.,negative
"I love this headphones, the screen is fantastic!",positive
I used the vacuum cleaner for 5 weeks. The sound quality is mediocre.,neutral
One star. The screen is horrible and the camera stopped working.,negative
"Best laptop I have bought, reliable price.",positive
"The packaging is average, nothing special.",neutral
The performance is not poor.,positive
"Do not buy this phone, the customer service is unreliable.",negative
"Do not buy this backpack, the packaging is disappointing.",negative
The smartwatch arrived on Monday.,neutral
I used the headphones for 6 weeks. The screen is acceptable.,neutral
The packaging is awful.,negative
"Highly recommend this camera, superb sound quality.",positive
"I love this backpack, the delivery is superb!",positive
I used the vacuum cleaner for 6 weeks. The delivery is ordinary.,neutral
The customer service is disappointing.,negative
I used the phone for 3 weeks. The build quality is ordinary.,neutral
"The design is so-so, nothing special.",neutral
The delivery is not amazing.,negative
"I regret buying this phone, awful battery life.",negative
"The customer service is ordinary, nothing special.",neutral
"Best smartwatch I have bought, reliable price.",positive
Five stars! The customer service is reliable and the smartwatch arrived quickly.,positive
The phone arrived on Monday.,neutral
"Best camera I have bought, impressive screen.",positive
"I regret buying this smartwatch, horrible customer service.",negative
The customer service is dreadful.,negative
"The battery life is average, nothing special.",neutral
"The backpack broke after 2 days, horrible packaging.",negative
One star. The price is terrible and the smartwatch stopped working.,negative
"I regret buying this vacuum cleaner, poor price.",negative
The screen is perfect.,positive
One star. The design is poor and the blender stopped working.,negative
"Do not buy this blender, the performance is dreadful.",negative
I used the vacuum cleaner for 3 weeks. The performance is so-so.,neutral
It is an standard camera for the price.,neutral
"Best camera I have bought, fantastic battery life.",positive
"The headphones broke after 3 days, terrible screen.",negative
"I love this phone, the customer service is perfect!",positive
"Highly recommend this camera, wonderful packaging.",positive
"Highly recommend this vacuum cleaner, wonderful screen.",positive
"Do not buy this blender, the sound quality is dreadful.",negative
It is an acceptable vacuum cleaner for the price.,neutral
"I love this camera, the design is impressive!",positive
"The laptop broke after 8 days, cheap sound quality.",negative
I used the backpack for 8 weeks. The design is ordinary.,neutral
"Do not buy this vacuum cleaner, the price is faulty.",negative
"I love this blender, the price is amazing!",positive
The delivery is not fantastic.,negative
The packaging is disappointing.,negative
The screen is impressive.,positive
"I love this backpack, the screen is perfect!",positive
Five stars! The delivery is reliable and the camera arrived quickly.,positive
"The camera broke after 2 days, poor packaging.",negative
I don't think the build quality is reliable.,negative
The blender is not excellent at all.,negative
It is an acceptable headphones for the price.,neutral
Five stars! The performance is superb and the phone arrived quickly.,positive
"I regret buying this laptop, terrible screen.",negative
I used the phone for 9 weeks. The delivery is okay.,neutral
The laptop is not perfect at all.,negative
One star. The price is awful and the laptop stopped working.,negative
"Best headphones I have bought, great battery life.",positive
"The delivery is ordinary, nothing special.",neutral
It is an typical camera for the price.,neutral
The customer service is reliable.,positive
"Best laptop I have bought, impressive screen.",positive
I used the vacuum cleaner for 4 weeks. The performance is mediocre.,neutral
"Best smartwatch I have bought, superb sound quality.",positive
One star. The packaging is disappointing and the smartwatch stopped working.,negative
"The headphones does what it says, no more, no less.",neutral
The laptop arrived on Friday.,neutral
The headphones arrived on Saturday.,neutral
"Highly recommend this blender, outstanding price.",positive
"I regret buying this camera, unreliable packaging.",negative
"Best laptop I have bought, impressive battery life.",positive
I used the headphones for 7 weeks. The screen is standard.,neutral
I used the camera for 9 weeks. The price is typical.,neutral
"Best laptop I have bought, fantastic customer service.",positive
"The backpack broke after 8 days, horrible battery life.",negative
The vacuum cleaner arrived on Friday.,neutral
"Best vacuum cleaner I have bought, amazing design.",positive
"The performance is typical, nothing special.",neutral
The battery life is outstanding.,positive
It is an so-so backpack for the price.,neutral
It is an okay laptop for the price.,neutral
The design is awful.,negative
"I regret buying this backpack, useless delivery.",negative
"Highly recommend this backpack, outstanding build quality.",positive
"The backpack broke after 2 days, disappointing packaging.",negative
"Highly recommend this backpack, reliable design.",positive
I don't think the packaging is wonderful.,negative
"I love this vacuum cleaner, the customer service is outstanding!",positive
"Very disappointed with the smartwatch, total waste of money.",negative
"I regret buying this blender, disappointing screen.",negative
The build quality is not reliable.,negative
"Best headphones I have bought, fantastic design.",positive
The sound quality is not bad.,positive
"Best blender I have bought, amazing battery life.",positive
"I love this smartwatch, the customer service is impressive!",positive
"Do not buy this laptop, the screen is cheap.",negative
"I love this phone, the battery life is great!",positive
"The price is ordinary, nothing special.",neutral
Five stars! The design is amazing and the phone arrived quickly.,positive
I used the backpack for 5 weeks. The customer service is average.,neutral
The sound quality is cheap.,negative
The battery life is horrible.,negative
I used the phone for 3 weeks. The sound quality is ordinary.,neutral
It is an acceptable smartwatch for the price.,neutral
"Do not buy this backpack, the build quality is horrible.",negative
"The sound quality is typical, nothing special.",neutral
Five stars! The performance is amazing and the phone arrived quickly.,positive
One star. The design is poor and the headphones stopped working.,negative
"I love this smartwatch, the price is perfect!",positive
"Do not buy this camera, the battery life is cheap.",negative
"I regret buying this blender, horrible design.",negative
"The delivery is acceptable, nothing special.",neutral
I used the headphones for 7 weeks. The delivery is average.,neutral
Five stars! The packaging is great and the backpack arrived quickly.,positive
"Highly recommend this backpack, excellent delivery.",positive
"Highly recommend this laptop, amazing packaging.",positive
"Highly recommend this phone, fantastic build quality.",positive
"Do not buy this backpack, the design is dreadful.",negative
"Do not buy this camera, the performance is unreliable.",negative
"I love this backpack, the performance is impressive!",positive
"The laptop does what it says, no more, no less.",neutral
"I regret buying this headphones, useless sound quality.",negative
"The price is average, nothing special.",neutral
The delivery is perfect.,positive
"Do not buy this blender, the build quality is useless.",negative
I used the vacuum cleaner for 5 weeks. The build quality is average.,neutral
"Best headphones I have bought, fantastic delivery.",positive
"Best headphones I have bought, great price.",positive
The phone arrived on Tuesday.,neutral
"Do not buy this camera, the build quality is useless.",negative
"Do not buy this laptop, the design is unreliable.",negative
It is an okay blender for the price.,neutral
"I regret buying this blender, awful design.",negative
The build quality is not awful.,positive
"The vacuum cleaner broke after 4 days, cheap customer service.",negative
"The smartwatch does what it says, no more, no less.",neutral
"The delivery is mediocre, nothing special.",neutral
I used the blender for 9 weeks. The sound quality is average.,neutral
"Highly recommend this phone, impressive customer service.",positive
It is an okay phone for the price.,neutral
The battery life is not reliable.,negative
The battery life is terrible.,negative
The performance is useless.,negative
"Do not buy this backpack, the price is cheap.",negative
"I love this phone, the screen is impressive!",positive
The backpack arrived on Friday.,neutral
"The performance is average, nothing special.",neutral
One star. The delivery is faulty and the blender stopped working.,negative
One star. The design is disappointing and the camera stopped working.,negative
"Best backpack I have bought, impressive design.",positive
"I regret buying this camera, faulty design.",negative
The design is not terrible.,positive
"The vacuum cleaner broke after 8 days, faulty delivery.",negative
The performance is not fantastic.,negative
"The screen is mediocre, nothing special.",neutral
It is an so-so blender for the price.,neutral
"The camera broke after 7 days, unreliable sound quality.",negative
The performance is cheap.,negative
"I love this camera, the screen is amazing!",positive
Five stars! The delivery is superb and the laptop arrived quickly.,positive
I used the backpack for 4 weeks. The screen is so-so.,neutral
The delivery is not great.,negative
"The vacuum cleaner broke after 9 days, useless price.",negative
"Best laptop I have bought, excellent price.",positive
It is an ordinary laptop for the price.,neutral
"The build quality is acceptable, nothing special.",neutral
"Best blender I have bought, reliable customer service.",positive
"I love this blender, the battery life is impressive!",positive
It is an standard headphones for the price.,neutral
The delivery is horrible.,negative
Five stars! The performance is impressive and the vacuum cleaner arrived quickly.,positive
"The delivery is so-so, nothing special.",neutral
"Highly recommend this backpack, wonderful packaging.",positive
"Best phone I have bought, reliable packaging.",positive
The screen is not wonderful.,negative
"The screen is ordinary, nothing special.",neutral
"I love this laptop, the screen is perfect!",positive
The phone arrived on Saturday.,neutral
"The laptop broke after 3 days, horrible price.",negative
I used the camera for 7 weeks. The customer service is standard.,neutral
The design is amazing.,positive
The phone is not poor at all.,positive
The smartwatch arrived on Saturday.,neutral
"Do not buy this laptop, the packaging is awful.",negative
"Best backpack I have bought, reliable delivery.",positive
I don't think the price is impressive.,negative
"I regret buying this blender, dreadful design.",negative
"I love this phone, the delivery is perfect!",positive
It is an acceptable laptop for the price.,neutral
"The price is typical, nothing special.",neutral
"The camera broke after 5 days, faulty packaging.",negative
"The packaging is so-so, nothing special.",neutral
"Do not buy this blender, the build quality is disappointing.",negative
I used the blender for 3 weeks. The screen is acceptable.,neutral
"Highly recommend this headphones, wonderful price.",positive
"Best laptop I have bought, excellent screen.",positive
The delivery is disappointing.,negative
"Highly recommend this phone, reliable battery life.",positive
I don't think the customer service is superb.,negative
The camera is not great at all.,negative
"I regret buying this blender, cheap delivery.",negative
"I regret buying this laptop, awful build quality.",negative
"Highly recommend this backpack, impressive screen.",positive
The customer service is terrible.,negative
The smartwatch arrived on Tuesday.,neutral
The headphones arrived on Monday.,neutral
"The performance is okay, nothing special.",neutral
The build quality is wonderful.,positive
"I regret buying this backpack, awful sound quality.",negative
The design is outstanding.,positive
"The packaging is ordinary, nothing special.",neutral
Five stars! The build quality is amazing and the vacuum cleaner arrived quickly.,positive
It is an ordinary camera for the price.,neutral
"The screen is typical, nothing special.",neutral
"The build quality is mediocre, nothing special.",neutral
"Highly recommend this laptop, fantastic performance.",positive
The build quality is cheap.,negative
"I regret buying this backpack, terrible sound quality.",negative
"I regret buying this blender, disappointing price.",negative
"Very disappointed with the backpack, total waste of money.",negative
"I love this headphones, the performance is outstanding!",positive
"The delivery is typical, nothing special.",neutral
"Do not buy this headphones, the price is poor.",negative
"Highly recommend this camera, reliable design.",positive
The blender arrived on Saturday.,neutral
"Best camera I have bought, superb customer service.",positive
"I regret buying this vacuum cleaner, disappointing performance.",negative
"Highly recommend this headphones, wonderful performance.",positive
The screen is superb.,positive
"Do not buy this camera, the packaging is poor.",negative
One star. The build quality is faulty and the camera stopped working.,negative
Five stars! The delivery is wonderful and the backpack arrived quickly.,positive
"Best smartwatch I have bought, superb packaging.",positive
"The battery life is typical, nothing special.",neutral
Five stars! The performance is wonderful and the vacuum cleaner arrived quickly.,positive
"The price is acceptable, nothing special.",neutral
The sound quality is wonderful.,positive
"The build quality is okay, nothing special.",neutral
"The headphones broke after 5 days, awful customer service.",negative
"I regret buying this backpack, faulty sound quality.",negative
It is an average headphones for the price.,neutral
I used the laptop for 2 weeks. The build quality is standard.,neutral
I used the phone for 2 weeks. The design is so-so.,neutral
"The packaging is acceptable, nothing special.",neutral
"I regret buying this headphones, useless delivery.",negative
I used the camera for 8 weeks. The delivery is acceptable.,neutral
The sound quality is dreadful.,negative
"The blender broke after 5 days, terrible price.",negative
The design is not fantastic.,negative
One star. The design is poor and the vacuum cleaner stopped working.,negative
"Highly recommend this backpack, impressive packaging.",positive
"The screen is acceptable, nothing special.",neutral
I used the camera for 9 weeks. The screen is average.,neutral
"Very disappointed with the laptop, total waste of money.",negative
"Highly recommend this phone, amazing packaging.",positive
"The backpack broke after 3 days, faulty sound quality.",negative
"Best laptop I have bought, wonderful battery life.",positive
The price is dreadful.,negative
"Do not buy this camera, the build quality is cheap.",negative
"I love this camera, the sound quality is great!",positive
"The packaging is okay, nothing special.",neutral
"The vacuum cleaner does what it says, no more, no less.",neutral
"Very happy with the camera, works perfectly.",positive
I used the blender for 2 weeks. The battery life is so-so.,neutral
"Best backpack I have bought, amazing customer service.",positive
"Best headphones I have bought, outstanding performance.",positive
"The backpack broke after 3 days, horrible customer service.",negative
I used the laptop for 3 weeks. The screen is typical.,neutral
It is an acceptable phone for the price.,neutral
"The battery life is mediocre, nothing special.",neutral
"Very happy with the backpack, works perfectly.",positive
"The phone does what it says, no more, no less.",neutral
"The vacuum cleaner broke after 2 days, unreliable delivery.",negative
"Do not buy this vacuum cleaner, the build quality is poor.",negative
"I regret buying this smartwatch, useless delivery.",negative
I used the laptop for 8 weeks. The screen is average.,neutral
"Best camera I have bought, amazing design.",positive
"I love this backpack, the price is outstanding!",positive
The delivery is amazing.,positive
"I regret buying this laptop, disappointing performance.",negative
Five stars! The customer service is fantastic and the headphones arrived quickly.,positive
I used the blender for 3 weeks. The packaging is acceptable.,neutral
"I regret buying this headphones, terrible screen.",negative
Five stars! The price is amazing and the smartwatch arrived quickly.,positive
The build quality is not outstanding.,negative
"I love this phone, the packaging is excellent!",positive
One star. The delivery is unreliable and the camera stopped working.,negative
One star. The packaging is poor and the phone stopped working.,negative
"The price is okay, nothing special.",neutral
"I love this laptop, the price is impressive!",positive
The packaging is not perfect.,negative
I used the laptop for 8 weeks. The customer service is ordinary.,neutral
The vacuum cleaner arrived on Saturday.,neutral
"Best laptop I have bought, fantastic design.",positive
The delivery is terrible.,negative
It is an standard smartwatch for the price.,neutral
"Do not buy this smartwatch, the performance is dreadful.",negative
Five stars! The delivery is perfect and the phone arrived quickly.,positive
The packaging is not awful.,positive
"I regret buying this laptop, useless battery life.",negative
"I regret buying this backpack, disappointing screen.",negative
"The backpack broke after 6 days, horrible customer service.",negative
"Best phone I have bought, impressive build quality.",positive
"I love this laptop, the delivery is outstanding!",positive
It is an so-so vacuum cleaner for the price.,neutral
"Best headphones I have bought, amazing customer service.",positive
"I regret buying this laptop, faulty price.",negative
"Very disappointed with the vacuum cleaner, total waste of money.",negative
The build quality is outstanding.,positive
"I regret buying this smartwatch, unreliable build quality.",negative
Five stars! The battery life is outstanding and the phone arrived quickly.,positive
"The smartwatch broke after 2 days, poor design.",negative
"The smartwatch broke after 3 days, awful performance.",negative
It is an mediocre backpack for the price.,neutral
"I regret buying this smartwatch, poor build quality.",negative
"I love this vacuum cleaner, the delivery is great!",positive
The sound quality is terrible.,negative
"The battery life is ordinary, nothing special.",neutral
"Do not buy this camera, the packaging is useless.",negative
Five stars! The sound quality is superb and the headphones arrived quickly.,positive
I used the smartwatch for 5 weeks. The sound quality is typical.,neutral
I used the backpack for 5 weeks. The build quality is mediocre.,neutral
I used the laptop for 5 weeks. The design is typical.,neutral
It is an mediocre blender for the price.,neutral
The screen is reliable.,positive
The build quality is disappointing.,negative
"The sound quality is standard, nothing special.",neutral
I don't think the build quality is superb.,negative
I used the blender for 5 weeks. The delivery is so-so.,neutral
"The screen is standard, nothing special.",neutral
The price is amazing.,positive
"Best phone I have bought, perfect battery life.",positive
I used the smartwatch for 4 weeks. The performance is ordinary.,neutral
"The smartwatch broke after 8 days, unreliable packaging.",negative
"I love this headphones, the sound quality is excellent!",positive
I used the backpack for 5 weeks. The design is standard.,neutral
"Do not buy this smartwatch, the customer service is useless.",negative
I used the laptop for 7 weeks. The screen is mediocre.,neutral
Five stars! The price is outstanding and the smartwatch arrived quickly.,positive
The vacuum cleaner arrived on Tuesday.,neutral
The camera arrived on Monday.,neutral
"The vacuum cleaner broke after 9 days, terrible build quality.",negative
"I love this vacuum cleaner, the screen is impressive!",positive
The price is superb.,positive
The battery life is useless.,negative
"Very happy with the laptop, works perfectly.",positive
"The screen is okay, nothing special.",neutral
"Do not buy this blender, the performance is faulty.",negative
The customer service is impressive.,positive
"I regret buying this camera, unreliable sound quality.",negative
Five stars! The customer service is superb and the backpack arrived quickly.,positive
One star. The packaging is poor and the headphones stopped working.,negative
The sound quality is not superb.,negative
The design is fantastic.,positive
"Do not buy this blender, the design is dreadful.",negative
The design is not outstanding.,negative
One star. The performance is awful and the laptop stopped working.,negative
The headphones is not impressive at all.,negative
"Highly recommend this backpack, amazing delivery.",positive
The camera arrived on Saturday.,neutral
I used the backpack for 7 weeks. The packaging is acceptable.,neutral
"I love this headphones, the build quality is excellent!",positive
"I regret buying this blender, useless sound quality.",negative
It is an typical vacuum cleaner for the price.,neutral
"The build quality is average, nothing special.",neutral
Five stars! The packaging is outstanding and the headphones arrived quickly.,positive
"I regret buying this headphones, awful delivery.",negative
"The camera does what it says, no more, no less.",neutral
"I regret buying this vacuum cleaner, useless price.",negative
The headphones is not terrible at all.,positive
I used the vacuum cleaner for 7 weeks. The build quality is okay.,neutral
"Do not buy this backpack, the customer service is dreadful.",negative
"Best phone I have bought, excellent sound quality.",positive
"Do not buy this camera, the screen is dreadful.",negative
Five stars! The price is excellent and the blender arrived quickly.,positive
The vacuum cleaner arrived on Monday.,neutral
"Best camera I have bought, excellent performance.",positive
"Do not buy this camera, the screen is unreliable.",negative
"Highly recommend this laptop, outstanding customer service.",positive
I used the headphones for 8 weeks. The performance is okay.,neutral
The camera arrived on Tuesday.,neutral
"I love this vacuum cleaner, the delivery is impressive!",positive
I used the smartwatch for 7 weeks. The delivery is standard.,neutral
"The design is ordinary, nothing special.",neutral
The build quality is awful.,negative
One star. The build quality is terrible and the vacuum cleaner stopped working.,negative
"I love this camera, the packaging is impressive!",positive
The phone arrived on Friday.,neutral
The backpack is not bad at all.,positive
"The design is standard, nothing special.",neutral
"The blender broke after 6 days, awful battery life.",negative
I used the laptop for 8 weeks. The build quality is ordinary.,neutral
"I regret buying this camera, unreliable screen.",negative
The build quality is not poor.,positive
"Do not buy this vacuum cleaner, the build quality is awful.",negative
Five stars! The design is perfect and the headphones arrived quickly.,positive
"Best phone I have bought, impressive battery life.",positive
The design is poor.,negative
One star. The customer service is disappointing and the headphones stopped working.,negative
"I regret buying this laptop, disappointing delivery.",negative
"Do not buy this camera, the price is dreadful.",negative
"The backpack does what it says, no more, no less.",neutral
The sound quality is awful.,negative
I used the blender for 2 weeks. The screen is typical.,neutral
"Do not buy this blender, the packaging is faulty.",negative
"The screen is so-so, nothing special.",neutral
I used the laptop for 9 weeks. The packaging is acceptable.,neutral
"Do not buy this blender, the battery life is unreliable.",negative
"The smartwatch broke after 3 days, dreadful delivery.",negative
I don't think the delivery is impressive.,negative
"The phone broke after 6 days, poor sound quality.",negative
"The backpack broke after 9 days, unreliable price.",negative
I used the smartwatch for 3 weeks. The packaging is okay.,neutral
One star. The price is faulty and the smartwatch stopped working.,negative
I don't think the customer service is wonderful.,negative
The delivery is awful.,negative
"I regret buying this smartwatch, dreadful performance.",negative
"The sound quality is mediocre, nothing special.",neutral
"I love this blender, the customer service is wonderful!",positive
Five stars! The delivery is reliable and the laptop arrived quickly.,positive
Five stars! The price is wonderful and the smartwatch arrived quickly.,positive
"The phone broke after 3 days, disappointing packaging.",negative
The price is excellent.,positive
I used the vacuum cleaner for 3 weeks. The design is standard.,neutral
"The laptop broke after 3 days, horrible delivery.",negative
Five stars! The sound quality is amazing and the phone arrived quickly.,positive
"Do not buy this headphones, the screen is faulty.",negative
The screen is not perfect.,negative
"The battery life is acceptable, nothing special.",neutral
I used the headphones for 4 weeks. The performance is typical.,neutral
Five stars! The performance is outstanding and the laptop arrived quickly.,positive
"Very happy with the phone, works perfectly.",positive
Five stars! The packaging is outstanding and the blender arrived quickly.,positive
"Best camera I have bought, perfect sound quality.",positive
It is an ordinary blender for the price.,neutral
"I regret buying this headphones, poor delivery.",negative
"Do not buy this laptop, the delivery is unreliable.",negative
"Best smartwatch I have bought, impressive design.",positive
"I love this headphones, the sound quality is reliable!",positive
"The price is so-so, nothing special.",neutral
"Highly recommend this vacuum cleaner, wonderful design.",positive
"The customer service is mediocre, nothing special.",neutral
"Highly recommend this smartwatch, superb sound quality.",positive
The screen is dreadful.,negative
"The headphones broke after 6 days, disappointing screen.",negative
"The phone broke after 8 days, poor customer service.",negative
It is an ordinary phone for the price.,neutral
"I regret buying this vacuum cleaner, faulty price.",negative
I used the vacuum cleaner for 6 weeks. The performance is acceptable.,neutral
The design is unreliable.,negative
The customer service is great.,positive
The smartwatch arrived on Friday.,neutral
The performance is not bad.,positive
"The customer service is average, nothing special.",neutral
"Best camera I have bought, perfect battery life.",positive
"The blender broke after 3 days, faulty battery life.",negative
The build quality is reliable.,positive
The delivery is wonderful.,positive
I used the vacuum cleaner for 5 weeks. The performance is okay.,neutral
"Highly recommend this blender, outstanding performance.",positive
"Highly recommend this phone, reliable screen.",positive
"I love this smartwatch, the screen is perfect!",positive
"Best headphones I have bought, impressive screen.",positive
I used the headphones for 3 weeks. The build quality is so-so.,neutral
"I love this laptop, the design is reliable!",positive
"The vacuum cleaner broke after 8 days, faulty design.",negative
I used the laptop for 6 weeks. The price is okay.,neutral
Five stars! The performance is outstanding and the phone arrived quickly.,positive
The laptop arrived on Monday.,neutral
The screen is not fantastic.,negative
I used the vacuum cleaner for 2 weeks. The packaging is acceptable.,neutral
"Highly recommend this headphones, excellent sound quality.",positive
One star. The screen is horrible and the phone stopped working.,negative
I used the vacuum cleaner for 7 weeks. The customer service is standard.,neutral
I used the vacuum cleaner for 4 weeks. The battery life is okay.,neutral
"I love this vacuum cleaner, the screen is excellent!",positive
"Best vacuum cleaner I have bought, excellent customer service.",positive
"Do not buy this smartwatch, the packaging is useless.",negative
I used the phone for 6 weeks. The build quality is mediocre.,neutral
"The design is mediocre, nothing special.",neutral
The build quality is not excellent.,negative
The battery life is superb.,positive
I used the smartwatch for 9 weeks. The customer service is so-so.,neutral
The laptop arrived on Saturday.,neutral
"Best phone I have bought, outstanding build quality.",positive
"Do not buy this backpack, the design is terrible.",negative
"I love this phone, the packaging is perfect!",positive
"The customer service is standard, nothing special.",neutral
The design is impressive.,positive
"Best laptop I have bought, great performance.",positive
It is an acceptable backpack for the price.,neutral
I used the blender for 9 weeks. The build quality is average.,neutral
"Highly recommend this smartwatch, amazing customer service.",positive
One star. The packaging is faulty and the vacuum cleaner stopped working.,negative
One star. The screen is disappointing and the phone stopped working.,negative
"Highly recommend this vacuum cleaner, superb build quality.",positive
"Best headphones I have bought, excellent build quality.",positive
I used the headphones for 6 weeks. The price is average.,neutral
One star. The delivery is disappointing and the camera stopped working.,negative
It is an average blender for the price.,neutral
I used the smartwatch for 2 weeks. The price is so-so.,neutral
I used the vacuum cleaner for 5 weeks. The packaging is ordinary.,neutral
"The laptop broke after 8 days, cheap design.",negative
I used the smartwatch for 6 weeks. The delivery is ordinary.,neutral
I used the headphones for 5 weeks. The delivery is mediocre.,neutral
"The build quality is typical, nothing special.",neutral
It is an okay backpack for the price.,neutral
Five stars! The build quality is wonderful and the vacuum cleaner arrived quickly.,positive
The screen is terrible.,negative
"Best smartwatch I have bought, excellent sound quality.",positive
"I regret buying this smartwatch, useless build quality.",negative
I used the camera for 7 weeks. The packaging is mediocre.,neutral
The delivery is poor.,negative
It is an average backpack for the price.,neutral
"Do not buy this vacuum cleaner, the delivery is faulty.",negative
"I regret buying this camera, faulty screen.",negative
The delivery is outstanding.,positive
I used the laptop for 5 weeks. The design is okay.,neutral
The backpack arrived on Saturday.,neutral
I used the laptop for 5 weeks. The screen is typical.,neutral
The blender arrived on Monday.,neutral
One star. The design is disappointing and the laptop stopped working.,negative
Five stars! The screen is perfect and the camera arrived quickly.,positive
"Best vacuum cleaner I have bought, amazing customer service.",positive
The price is outstanding.,positive
It is an okay headphones for the price.,neutral
I used the headphones for 6 weeks. The performance is so-so.,neutral
"I love this smartwatch, the customer service is great!",positive
"Highly recommend this headphones, excellent screen.",positive
"Very disappointed with the headphones, total waste of money.",negative
"I love this headphones, the packaging is fantastic!",positive
"The performance is mediocre, nothing special.",neutral
"I love this laptop, the customer service is impressive!",positive
"The backpack broke after 2 days, poor performance.",negative
"I regret buying this headphones, disappointing design.",negative
"I love this headphones, the customer service is fantastic!",positive
It is an acceptable blender for the price.,neutral
"Highly recommend this backpack, great packaging.",positive
The headphones arrived on Tuesday.,neutral
"The performance is standard, nothing special.",neutral
Five stars! The delivery is fantastic and the laptop arrived quickly.,positive
I used the laptop for 6 weeks. The customer service is standard.,neutral
I used the camera for 4 weeks. The delivery is okay.,neutral
I used the laptop for 5 weeks. The price is average.,neutral
I used the headphones for 3 weeks. The customer service is typical.,neutral
"Highly recommend this smartwatch, excellent build quality.",positive
I used the vacuum cleaner for 4 weeks. The screen is acceptable.,neutral
The build quality is fantastic.,positive
I used the headphones for 3 weeks. The build quality is average.,neutral
"The camera broke after 9 days, poor build quality.",negative
It is an typical headphones for the price.,neutral
One star. The packaging is unreliable and the headphones stopped working.,negative
"Very happy with the headphones, works perfectly.",positive
The build quality is superb.,positive
"The vacuum cleaner broke after 9 days, useless delivery.",negative
The customer service is not bad.,positive
The build quality is amazing.,positive
"I love this smartwatch, the screen is amazing!",positive
The sound quality is horrible.,negative
"Best headphones I have bought, outstanding battery life.",positive
"I regret buying this headphones, horrible price.",negative
"Do not buy this backpack, the customer service is unreliable.",negative
"The headphones broke after 5 days, dreadful delivery.",negative
I don't think the packaging is superb.,negative
"Highly recommend this camera, wonderful sound quality.",positive
Five stars! The price is reliable and the vacuum cleaner arrived quickly.,positive
"I love this camera, the design is outstanding!",positive
It is an typical blender for the price.,neutral
The screen is not amazing.,negative
I don't think the battery life is perfect.,negative
"Do not buy this camera, the design is useless.",negative
"I love this laptop, the build quality is outstanding!",positive
"The backpack broke after 5 days, poor price.",negative
It is an mediocre camera for the price.,neutral
Five stars! The delivery is impressive and the phone arrived quickly.,positive
"Best camera I have bought, amazing screen.",positive
Five stars! The build quality is wonderful and the phone arrived quickly.,positive
"Best backpack I have bought, wonderful design.",positive
"Very disappointed with the camera, total waste of money.",negative
"Highly recommend this vacuum cleaner, amazing screen.",positive
"I regret buying this backpack, disappointing sound quality.",negative
"The backpack broke after 3 days, unreliable performance.",negative
The laptop arrived on Tuesday.,neutral
One star. The build quality is terrible and the phone stopped working.,negative
It is an standard blender for the price.,neutral
"I love this phone, the sound quality is wonderful!",positive
"Highly recommend this blender, fantastic customer service.",positive
"Do not buy this blender, the packaging is cheap.",negative
"Best phone I have bought, great performance.",positive
I used the vacuum cleaner for 5 weeks. The build quality is okay.,neutral
"Best vacuum cleaner I have bought, fantastic design.",positive
The camera is not poor at all.,positive
The delivery is unreliable.,negative
One star. The design is horrible and the vacuum cleaner stopped working.,negative
The laptop is not amazing at all.,negative
The blender arrived on Friday.,neutral
"Best phone I have bought, excellent battery life.",positive
"Highly recommend this camera, impressive customer service.",positive
"The battery life is standard, nothing special.",neutral
The battery life is not awful.,positive
It is an average phone for the price.,neutral
I used the phone for 9 weeks. The sound quality is so-so.,neutral
The phone is not terrible at all.,positive
I used the blender for 7 weeks. The price is typical.,neutral
"Highly recommend this laptop, reliable delivery.",positive
It is an mediocre phone for the price.,neutral
It is an ordinary smartwatch for the price.,neutral
"Do not buy this blender, the build quality is unreliable.",negative
"I regret buying this camera, horrible price.",negative
I used the laptop for 9 weeks. The screen is acceptable.,neutral
"Best smartwatch I have bought, reliable performance.",positive
"Highly recommend this backpack, fantastic build quality.",positive
"The backpack broke after 3 days, faulty build quality.",negative
"Best laptop I have bought, reliable screen.",positive
I used the camera for 8 weeks. The packaging is standard.,neutral
"The sound quality is okay, nothing special.",neutral
One star. The build quality is cheap and the blender stopped working.,negative
"The delivery is average, nothing special.",neutral
One star. The delivery is horrible and the vacuum cleaner stopped working.,negative
One star. The sound quality is disappointing and the phone stopped working.,negative
"Do not buy this blender, the delivery is terrible.",negative
"Very happy with the vacuum cleaner, works perfectly.",positive
The battery life is perfect.,positive
The screen is not impressive.,negative
"Very happy with the blender, works perfectly.",positive
The delivery is fantastic.,positive
It is an okay smartwatch for the price.,neutral
"Best camera I have bought, reliable performance.",positive
One star. The price is unreliable and the backpack stopped working.,negative
The phone is not awful at all.,positive
The laptop is not reliable at all.,negative
I used the smartwatch for 7 weeks. The battery life is acceptable.,neutral
"The blender broke after 9 days, cheap sound quality.",negative
"I love this vacuum cleaner, the customer service is reliable!",positive
"Highly recommend this blender, excellent performance.",positive
The design is great.,positive
"The backpack broke after 5 days, useless battery life.",negative
The packaging is not terrible.,positive
One star. The screen is terrible and the camera stopped working.,negative
The battery life is wonderful.,positive
The backpack is not poor at all.,positive
It is an average camera for the price.,neutral
"Best vacuum cleaner I have bought, fantastic battery life.",positive
One star. The packaging is awful and the blender stopped working.,negative
It is an typical backpack for the price.,neutral
"Do not buy this phone, the delivery is horrible.",negative
"Best camera I have bought, excellent battery life.",positive
The delivery is not awful.,positive
"Highly recommend this camera, reliable price.",positive
"Best laptop I have bought, amazing sound quality.",positive
"Do not buy this camera, the screen is disappointing.",negative
"I love this phone, the delivery is excellent!",positive
The backpack arrived on Monday.,neutral
I used the smartwatch for 4 weeks. The sound quality is typical.,neutral
"Very disappointed with the phone, total waste of money.",negative
"Very happy with the smartwatch, works perfectly.",positive
I used the laptop for 6 weeks. The screen is ordinary.,neutral
Five stars! The design is superb and the camera arrived quickly.,positive
"I regret buying this vacuum cleaner, poor performance.",negative
The sound quality is not awful.,positive
The performance is faulty.,negative
"The laptop broke after 9 days, faulty design.",negative
One star. The battery life is terrible and the backpack stopped working.,negative
The blender arrived on Tuesday.,neutral
I used the laptop for 2 weeks. The performance is so-so.,neutral
It is an so-so laptop for the price.,neutral
"The vacuum cleaner broke after 8 days, disappointing customer service.",negative
"The camera broke after 7 days, terrible design.",negative
The smartwatch is not awful at all.,positive
"I regret buying this laptop, horrible customer service.",negative
"Best vacuum cleaner I have bought, superb screen.",positive
I used the camera for 2 weeks. The sound quality is average.,neutral
I used the camera for 5 weeks. The customer service is so-so.,neutral
"I regret buying this backpack, dreadful design.",negative
